{"train_loss": 2.8417234420776367, "train_perplexity": 17.14528900134612}