{"train_loss": 5.287613391876221, "train_perplexity": 197.87062180188633, "eval_loss": 5.165624618530273, "eval_perplexity": 175.1468243643081}